﻿{
	"ИмяСборки":"8.3.10-func",
	"ВерсияПлатформы":"8.3.10",
	"КаталогФич": "$workspaceRoot\\features",
	"КаталогОтносительноКоторогоНадоСтроитьИерархию": "$workspaceRoot\\features",
	"УровеньОтчета1": "#report.epic=;Каталог1",
	"УровеньОтчета2": "#report.feature=;Каталог2",
	"УровеньОтчета3": "#report.story=;ИмяСценария",
	"ВыполнитьСценарии": "Истина",
	"ДелатьОтчетВФорматеАллюр": "Истина",
	"КаталогВыгрузкиAllureБазовый": "$workspaceRoot\\build\\allure-report",
	"ЗавершитьРаботуСистемы": "Истина",
	"ДелатьЛогВыполненияСценариевВЖР": "Ложь",
	"СоздаватьПодкаталогВКаталогеAllureДляЭтойСборки": "Истина",
	"ДобавлятьКИмениСценарияУсловияВыгрузки": "Истина",
	"ОбновлятьСтатистикуВДереве": "Ложь",
	"ОбновлятьДеревоПриНачалеВыполненияСценария": "Ложь",
	"КаталогиБиблиотек": [
		"$instrumentsRoot\\features\\Libraries",
		"$workspaceRoot\\features",
		"$workspaceRoot\\test"
	],
	"СписокТеговИсключение": [
		"IgnoreOnCIMainBuild",
		"ExportScenarios",
		"РучноеТестирование",
		"UnitTest"
	]
}