{
    "default": {
        "--ibconnection": "/F./build/base",
        "--v8version": "8.3.10",
        "--db-user": "",
        "--db-pwd": "",
        "--storage-name": "../build/storage-from",
        "--storage-user": "Администратор",
        "--storage-pwd": "Администратор"
    },
    "createrepo": {
        "ПутьСоздаваемогоХранилища": "./build/storage",
        "ЛогинАдминистратора": "Администратор",
        "ПарольАдминистратора": "Администратор"
    },
    "createrepouser": {
        "ПутьПодключаемогоХранилища": "./build/storage",
        "ЛогинАдминистратора": "Администратор",
        "ПарольАдминистратора": "Администратор",
        "--storage-role": "Administration"
    }
}